0;0.0044;./datasets/Aleatórios/a100.txt;['I']
1;0.0041;./datasets/Aleatórios/a100.txt;['I']
2;0.0050;./datasets/Aleatórios/a100.txt;['I']
3;0.0040;./datasets/Aleatórios/a100.txt;['I']
4;0.0030;./datasets/Aleatórios/a100.txt;['I']
5;0.0053;./datasets/Aleatórios/a100.txt;['I']
0;0.0022;./datasets/Aleatórios/a100.txt;['B', '10']
1;0.0049;./datasets/Aleatórios/a100.txt;['B', '10']
2;0.0024;./datasets/Aleatórios/a100.txt;['B', '10']
3;0.0031;./datasets/Aleatórios/a100.txt;['B', '10']
4;0.0024;./datasets/Aleatórios/a100.txt;['B', '10']
5;0.0023;./datasets/Aleatórios/a100.txt;['B', '10']
0;0.0047;./datasets/Aleatórios/a100.txt;['B', '100']
1;0.0022;./datasets/Aleatórios/a100.txt;['B', '100']
2;0.0044;./datasets/Aleatórios/a100.txt;['B', '100']
3;0.0048;./datasets/Aleatórios/a100.txt;['B', '100']
4;0.0050;./datasets/Aleatórios/a100.txt;['B', '100']
5;0.0049;./datasets/Aleatórios/a100.txt;['B', '100']
0;0.0050;./datasets/Aleatórios/a100.txt;['B', '1000']
1;0.0026;./datasets/Aleatórios/a100.txt;['B', '1000']
2;0.0053;./datasets/Aleatórios/a100.txt;['B', '1000']
3;0.0054;./datasets/Aleatórios/a100.txt;['B', '1000']
4;0.0046;./datasets/Aleatórios/a100.txt;['B', '1000']
5;0.0047;./datasets/Aleatórios/a100.txt;['B', '1000']
0;0.0026;./datasets/Aleatórios/a200.txt;['I']
1;0.0047;./datasets/Aleatórios/a200.txt;['I']
2;0.0048;./datasets/Aleatórios/a200.txt;['I']
3;0.0046;./datasets/Aleatórios/a200.txt;['I']
4;0.0047;./datasets/Aleatórios/a200.txt;['I']
5;0.0026;./datasets/Aleatórios/a200.txt;['I']
0;0.0031;./datasets/Aleatórios/a200.txt;['B', '10']
1;0.0034;./datasets/Aleatórios/a200.txt;['B', '10']
2;0.0028;./datasets/Aleatórios/a200.txt;['B', '10']
3;0.0022;./datasets/Aleatórios/a200.txt;['B', '10']
4;0.0049;./datasets/Aleatórios/a200.txt;['B', '10']
5;0.0027;./datasets/Aleatórios/a200.txt;['B', '10']
0;0.0027;./datasets/Aleatórios/a200.txt;['B', '100']
1;0.0028;./datasets/Aleatórios/a200.txt;['B', '100']
2;0.0023;./datasets/Aleatórios/a200.txt;['B', '100']
3;0.0032;./datasets/Aleatórios/a200.txt;['B', '100']
4;0.0030;./datasets/Aleatórios/a200.txt;['B', '100']
5;0.0028;./datasets/Aleatórios/a200.txt;['B', '100']
0;0.0059;./datasets/Aleatórios/a200.txt;['B', '1000']
1;0.0024;./datasets/Aleatórios/a200.txt;['B', '1000']
2;0.0048;./datasets/Aleatórios/a200.txt;['B', '1000']
3;0.0024;./datasets/Aleatórios/a200.txt;['B', '1000']
4;0.0024;./datasets/Aleatórios/a200.txt;['B', '1000']
5;0.0022;./datasets/Aleatórios/a200.txt;['B', '1000']
0;0.0043;./datasets/Aleatórios/a500.txt;['I']
1;0.0023;./datasets/Aleatórios/a500.txt;['I']
2;0.0023;./datasets/Aleatórios/a500.txt;['I']
3;0.0044;./datasets/Aleatórios/a500.txt;['I']
4;0.0023;./datasets/Aleatórios/a500.txt;['I']
5;0.0023;./datasets/Aleatórios/a500.txt;['I']
0;0.0023;./datasets/Aleatórios/a500.txt;['B', '10']
1;0.0044;./datasets/Aleatórios/a500.txt;['B', '10']
2;0.0023;./datasets/Aleatórios/a500.txt;['B', '10']
3;0.0047;./datasets/Aleatórios/a500.txt;['B', '10']
4;0.0024;./datasets/Aleatórios/a500.txt;['B', '10']
5;0.0047;./datasets/Aleatórios/a500.txt;['B', '10']
0;0.0046;./datasets/Aleatórios/a500.txt;['B', '100']
1;0.0030;./datasets/Aleatórios/a500.txt;['B', '100']
2;0.0053;./datasets/Aleatórios/a500.txt;['B', '100']
3;0.0027;./datasets/Aleatórios/a500.txt;['B', '100']
4;0.0050;./datasets/Aleatórios/a500.txt;['B', '100']
5;0.0027;./datasets/Aleatórios/a500.txt;['B', '100']
0;0.0052;./datasets/Aleatórios/a500.txt;['B', '1000']
1;0.0030;./datasets/Aleatórios/a500.txt;['B', '1000']
2;0.0055;./datasets/Aleatórios/a500.txt;['B', '1000']
3;0.0031;./datasets/Aleatórios/a500.txt;['B', '1000']
4;0.0031;./datasets/Aleatórios/a500.txt;['B', '1000']
5;0.0054;./datasets/Aleatórios/a500.txt;['B', '1000']
0;0.0030;./datasets/Aleatórios/a1000.txt;['I']
1;0.0029;./datasets/Aleatórios/a1000.txt;['I']
2;0.0059;./datasets/Aleatórios/a1000.txt;['I']
3;0.0055;./datasets/Aleatórios/a1000.txt;['I']
4;0.0055;./datasets/Aleatórios/a1000.txt;['I']
5;0.0055;./datasets/Aleatórios/a1000.txt;['I']
0;0.0053;./datasets/Aleatórios/a1000.txt;['B', '10']
1;0.0054;./datasets/Aleatórios/a1000.txt;['B', '10']
2;0.0062;./datasets/Aleatórios/a1000.txt;['B', '10']
3;0.0062;./datasets/Aleatórios/a1000.txt;['B', '10']
4;0.0031;./datasets/Aleatórios/a1000.txt;['B', '10']
5;0.0063;./datasets/Aleatórios/a1000.txt;['B', '10']
0;0.0058;./datasets/Aleatórios/a1000.txt;['B', '100']
1;0.0057;./datasets/Aleatórios/a1000.txt;['B', '100']
2;0.0055;./datasets/Aleatórios/a1000.txt;['B', '100']
3;0.0057;./datasets/Aleatórios/a1000.txt;['B', '100']
4;0.0056;./datasets/Aleatórios/a1000.txt;['B', '100']
5;0.0060;./datasets/Aleatórios/a1000.txt;['B', '100']
0;0.0060;./datasets/Aleatórios/a1000.txt;['B', '1000']
1;0.0054;./datasets/Aleatórios/a1000.txt;['B', '1000']
2;0.0063;./datasets/Aleatórios/a1000.txt;['B', '1000']
3;0.0061;./datasets/Aleatórios/a1000.txt;['B', '1000']
4;0.0058;./datasets/Aleatórios/a1000.txt;['B', '1000']
5;0.0062;./datasets/Aleatórios/a1000.txt;['B', '1000']
0;0.0074;./datasets/Aleatórios/a2000.txt;['I']
1;0.0091;./datasets/Aleatórios/a2000.txt;['I']
2;0.0073;./datasets/Aleatórios/a2000.txt;['I']
3;0.0082;./datasets/Aleatórios/a2000.txt;['I']
4;0.0081;./datasets/Aleatórios/a2000.txt;['I']
5;0.0080;./datasets/Aleatórios/a2000.txt;['I']
0;0.0065;./datasets/Aleatórios/a2000.txt;['B', '10']
1;0.0062;./datasets/Aleatórios/a2000.txt;['B', '10']
2;0.0071;./datasets/Aleatórios/a2000.txt;['B', '10']
3;0.0071;./datasets/Aleatórios/a2000.txt;['B', '10']
4;0.0072;./datasets/Aleatórios/a2000.txt;['B', '10']
5;0.0068;./datasets/Aleatórios/a2000.txt;['B', '10']
0;0.0075;./datasets/Aleatórios/a2000.txt;['B', '100']
1;0.0069;./datasets/Aleatórios/a2000.txt;['B', '100']
2;0.0048;./datasets/Aleatórios/a2000.txt;['B', '100']
3;0.0069;./datasets/Aleatórios/a2000.txt;['B', '100']
4;0.0052;./datasets/Aleatórios/a2000.txt;['B', '100']
5;0.0058;./datasets/Aleatórios/a2000.txt;['B', '100']
0;0.0065;./datasets/Aleatórios/a2000.txt;['B', '1000']
1;0.0059;./datasets/Aleatórios/a2000.txt;['B', '1000']
2;0.0069;./datasets/Aleatórios/a2000.txt;['B', '1000']
3;0.0058;./datasets/Aleatórios/a2000.txt;['B', '1000']
4;0.0058;./datasets/Aleatórios/a2000.txt;['B', '1000']
5;0.0074;./datasets/Aleatórios/a2000.txt;['B', '1000']
0;0.0178;./datasets/Aleatórios/a5000.txt;['I']
1;0.0199;./datasets/Aleatórios/a5000.txt;['I']
2;0.0135;./datasets/Aleatórios/a5000.txt;['I']
3;0.0146;./datasets/Aleatórios/a5000.txt;['I']
4;0.0148;./datasets/Aleatórios/a5000.txt;['I']
5;0.0170;./datasets/Aleatórios/a5000.txt;['I']
0;0.0054;./datasets/Aleatórios/a5000.txt;['B', '10']
1;0.0050;./datasets/Aleatórios/a5000.txt;['B', '10']
2;0.0049;./datasets/Aleatórios/a5000.txt;['B', '10']
3;0.0069;./datasets/Aleatórios/a5000.txt;['B', '10']
4;0.0081;./datasets/Aleatórios/a5000.txt;['B', '10']
5;0.0062;./datasets/Aleatórios/a5000.txt;['B', '10']
0;0.0039;./datasets/Aleatórios/a5000.txt;['B', '100']
1;0.0046;./datasets/Aleatórios/a5000.txt;['B', '100']
2;0.0038;./datasets/Aleatórios/a5000.txt;['B', '100']
3;0.0032;./datasets/Aleatórios/a5000.txt;['B', '100']
4;0.0057;./datasets/Aleatórios/a5000.txt;['B', '100']
5;0.0041;./datasets/Aleatórios/a5000.txt;['B', '100']
0;0.0044;./datasets/Aleatórios/a5000.txt;['B', '1000']
1;0.0038;./datasets/Aleatórios/a5000.txt;['B', '1000']
2;0.0041;./datasets/Aleatórios/a5000.txt;['B', '1000']
3;0.0076;./datasets/Aleatórios/a5000.txt;['B', '1000']
4;0.0076;./datasets/Aleatórios/a5000.txt;['B', '1000']
5;0.0052;./datasets/Aleatórios/a5000.txt;['B', '1000']
0;0.0156;./datasets/Aleatórios/a7500.txt;['I']
1;0.0189;./datasets/Aleatórios/a7500.txt;['I']
2;0.0155;./datasets/Aleatórios/a7500.txt;['I']
3;0.0126;./datasets/Aleatórios/a7500.txt;['I']
4;0.0176;./datasets/Aleatórios/a7500.txt;['I']
5;0.0241;./datasets/Aleatórios/a7500.txt;['I']
0;0.0070;./datasets/Aleatórios/a7500.txt;['B', '10']
1;0.0108;./datasets/Aleatórios/a7500.txt;['B', '10']
2;0.0052;./datasets/Aleatórios/a7500.txt;['B', '10']
3;0.0107;./datasets/Aleatórios/a7500.txt;['B', '10']
4;0.0110;./datasets/Aleatórios/a7500.txt;['B', '10']
5;0.0109;./datasets/Aleatórios/a7500.txt;['B', '10']
0;0.0087;./datasets/Aleatórios/a7500.txt;['B', '100']
1;0.0087;./datasets/Aleatórios/a7500.txt;['B', '100']
2;0.0073;./datasets/Aleatórios/a7500.txt;['B', '100']
3;0.0071;./datasets/Aleatórios/a7500.txt;['B', '100']
4;0.0048;./datasets/Aleatórios/a7500.txt;['B', '100']
5;0.0080;./datasets/Aleatórios/a7500.txt;['B', '100']
0;0.0107;./datasets/Aleatórios/a7500.txt;['B', '1000']
1;0.0092;./datasets/Aleatórios/a7500.txt;['B', '1000']
2;0.0093;./datasets/Aleatórios/a7500.txt;['B', '1000']
3;0.0087;./datasets/Aleatórios/a7500.txt;['B', '1000']
4;0.0079;./datasets/Aleatórios/a7500.txt;['B', '1000']
5;0.0097;./datasets/Aleatórios/a7500.txt;['B', '1000']
0;0.0304;./datasets/Aleatórios/a10000.txt;['I']
1;0.0192;./datasets/Aleatórios/a10000.txt;['I']
2;0.0345;./datasets/Aleatórios/a10000.txt;['I']
3;0.0209;./datasets/Aleatórios/a10000.txt;['I']
4;0.0252;./datasets/Aleatórios/a10000.txt;['I']
5;0.0180;./datasets/Aleatórios/a10000.txt;['I']
0;0.0062;./datasets/Aleatórios/a10000.txt;['B', '10']
1;0.0091;./datasets/Aleatórios/a10000.txt;['B', '10']
2;0.0136;./datasets/Aleatórios/a10000.txt;['B', '10']
3;0.0141;./datasets/Aleatórios/a10000.txt;['B', '10']
4;0.0115;./datasets/Aleatórios/a10000.txt;['B', '10']
5;0.0125;./datasets/Aleatórios/a10000.txt;['B', '10']
0;0.0088;./datasets/Aleatórios/a10000.txt;['B', '100']
1;0.0059;./datasets/Aleatórios/a10000.txt;['B', '100']
2;0.0089;./datasets/Aleatórios/a10000.txt;['B', '100']
3;0.0085;./datasets/Aleatórios/a10000.txt;['B', '100']
4;0.0054;./datasets/Aleatórios/a10000.txt;['B', '100']
5;0.0091;./datasets/Aleatórios/a10000.txt;['B', '100']
0;0.0097;./datasets/Aleatórios/a10000.txt;['B', '1000']
1;0.0105;./datasets/Aleatórios/a10000.txt;['B', '1000']
2;0.0101;./datasets/Aleatórios/a10000.txt;['B', '1000']
3;0.0107;./datasets/Aleatórios/a10000.txt;['B', '1000']
4;0.0062;./datasets/Aleatórios/a10000.txt;['B', '1000']
5;0.0131;./datasets/Aleatórios/a10000.txt;['B', '1000']
0;0.0401;./datasets/Aleatórios/a15000.txt;['I']
1;0.0456;./datasets/Aleatórios/a15000.txt;['I']
2;0.0468;./datasets/Aleatórios/a15000.txt;['I']
3;0.0404;./datasets/Aleatórios/a15000.txt;['I']
4;0.0409;./datasets/Aleatórios/a15000.txt;['I']
5;0.0387;./datasets/Aleatórios/a15000.txt;['I']
0;0.0094;./datasets/Aleatórios/a15000.txt;['B', '10']
1;0.0094;./datasets/Aleatórios/a15000.txt;['B', '10']
2;0.0190;./datasets/Aleatórios/a15000.txt;['B', '10']
3;0.0084;./datasets/Aleatórios/a15000.txt;['B', '10']
4;0.0110;./datasets/Aleatórios/a15000.txt;['B', '10']
5;0.0211;./datasets/Aleatórios/a15000.txt;['B', '10']
0;0.0052;./datasets/Aleatórios/a15000.txt;['B', '100']
1;0.0056;./datasets/Aleatórios/a15000.txt;['B', '100']
2;0.0129;./datasets/Aleatórios/a15000.txt;['B', '100']
3;0.0062;./datasets/Aleatórios/a15000.txt;['B', '100']
4;0.0125;./datasets/Aleatórios/a15000.txt;['B', '100']
5;0.0122;./datasets/Aleatórios/a15000.txt;['B', '100']
0;0.0125;./datasets/Aleatórios/a15000.txt;['B', '1000']
1;0.0126;./datasets/Aleatórios/a15000.txt;['B', '1000']
2;0.0125;./datasets/Aleatórios/a15000.txt;['B', '1000']
3;0.0130;./datasets/Aleatórios/a15000.txt;['B', '1000']
4;0.0133;./datasets/Aleatórios/a15000.txt;['B', '1000']
5;0.0115;./datasets/Aleatórios/a15000.txt;['B', '1000']
0;0.1448;./datasets/Aleatórios/a30000.txt;['I']
1;0.1393;./datasets/Aleatórios/a30000.txt;['I']
2;0.1702;./datasets/Aleatórios/a30000.txt;['I']
3;0.1658;./datasets/Aleatórios/a30000.txt;['I']
4;0.1591;./datasets/Aleatórios/a30000.txt;['I']
5;0.1350;./datasets/Aleatórios/a30000.txt;['I']
0;0.0233;./datasets/Aleatórios/a30000.txt;['B', '10']
1;0.0215;./datasets/Aleatórios/a30000.txt;['B', '10']
2;0.0334;./datasets/Aleatórios/a30000.txt;['B', '10']
3;0.0357;./datasets/Aleatórios/a30000.txt;['B', '10']
4;0.0219;./datasets/Aleatórios/a30000.txt;['B', '10']
5;0.0261;./datasets/Aleatórios/a30000.txt;['B', '10']
0;0.0204;./datasets/Aleatórios/a30000.txt;['B', '100']
1;0.0097;./datasets/Aleatórios/a30000.txt;['B', '100']
2;0.0160;./datasets/Aleatórios/a30000.txt;['B', '100']
3;0.0092;./datasets/Aleatórios/a30000.txt;['B', '100']
4;0.0112;./datasets/Aleatórios/a30000.txt;['B', '100']
5;0.0219;./datasets/Aleatórios/a30000.txt;['B', '100']
0;0.0123;./datasets/Aleatórios/a30000.txt;['B', '1000']
1;0.0152;./datasets/Aleatórios/a30000.txt;['B', '1000']
2;0.0178;./datasets/Aleatórios/a30000.txt;['B', '1000']
3;0.0179;./datasets/Aleatórios/a30000.txt;['B', '1000']
4;0.0227;./datasets/Aleatórios/a30000.txt;['B', '1000']
5;0.0129;./datasets/Aleatórios/a30000.txt;['B', '1000']
0;0.3856;./datasets/Aleatórios/a50000.txt;['I']
1;0.3622;./datasets/Aleatórios/a50000.txt;['I']
2;0.3811;./datasets/Aleatórios/a50000.txt;['I']
3;0.3801;./datasets/Aleatórios/a50000.txt;['I']
4;0.3773;./datasets/Aleatórios/a50000.txt;['I']
5;0.3778;./datasets/Aleatórios/a50000.txt;['I']
0;0.0461;./datasets/Aleatórios/a50000.txt;['B', '10']
1;0.0440;./datasets/Aleatórios/a50000.txt;['B', '10']
2;0.0459;./datasets/Aleatórios/a50000.txt;['B', '10']
3;0.0462;./datasets/Aleatórios/a50000.txt;['B', '10']
4;0.0455;./datasets/Aleatórios/a50000.txt;['B', '10']
5;0.0462;./datasets/Aleatórios/a50000.txt;['B', '10']
0;0.0208;./datasets/Aleatórios/a50000.txt;['B', '100']
1;0.0154;./datasets/Aleatórios/a50000.txt;['B', '100']
2;0.0148;./datasets/Aleatórios/a50000.txt;['B', '100']
3;0.0161;./datasets/Aleatórios/a50000.txt;['B', '100']
4;0.0251;./datasets/Aleatórios/a50000.txt;['B', '100']
5;0.0152;./datasets/Aleatórios/a50000.txt;['B', '100']
0;0.0252;./datasets/Aleatórios/a50000.txt;['B', '1000']
1;0.0176;./datasets/Aleatórios/a50000.txt;['B', '1000']
2;0.0228;./datasets/Aleatórios/a50000.txt;['B', '1000']
3;0.0277;./datasets/Aleatórios/a50000.txt;['B', '1000']
4;0.0254;./datasets/Aleatórios/a50000.txt;['B', '1000']
5;0.0128;./datasets/Aleatórios/a50000.txt;['B', '1000']
0;0.9788;./datasets/Aleatórios/a75000.txt;['I']
1;0.8587;./datasets/Aleatórios/a75000.txt;['I']
2;0.8437;./datasets/Aleatórios/a75000.txt;['I']
3;0.8161;./datasets/Aleatórios/a75000.txt;['I']
4;0.8146;./datasets/Aleatórios/a75000.txt;['I']
5;0.8206;./datasets/Aleatórios/a75000.txt;['I']
0;0.1030;./datasets/Aleatórios/a75000.txt;['B', '10']
1;0.0939;./datasets/Aleatórios/a75000.txt;['B', '10']
2;0.1071;./datasets/Aleatórios/a75000.txt;['B', '10']
3;0.1096;./datasets/Aleatórios/a75000.txt;['B', '10']
4;0.0953;./datasets/Aleatórios/a75000.txt;['B', '10']
5;0.1051;./datasets/Aleatórios/a75000.txt;['B', '10']
0;0.0254;./datasets/Aleatórios/a75000.txt;['B', '100']
1;0.0356;./datasets/Aleatórios/a75000.txt;['B', '100']
2;0.0269;./datasets/Aleatórios/a75000.txt;['B', '100']
3;0.0349;./datasets/Aleatórios/a75000.txt;['B', '100']
4;0.0212;./datasets/Aleatórios/a75000.txt;['B', '100']
5;0.0209;./datasets/Aleatórios/a75000.txt;['B', '100']
0;0.0159;./datasets/Aleatórios/a75000.txt;['B', '1000']
1;0.0147;./datasets/Aleatórios/a75000.txt;['B', '1000']
2;0.0146;./datasets/Aleatórios/a75000.txt;['B', '1000']
3;0.0151;./datasets/Aleatórios/a75000.txt;['B', '1000']
4;0.0172;./datasets/Aleatórios/a75000.txt;['B', '1000']
5;0.0148;./datasets/Aleatórios/a75000.txt;['B', '1000']
0;1.6147;./datasets/Aleatórios/a100000.txt;['I']
1;1.4290;./datasets/Aleatórios/a100000.txt;['I']
2;1.4207;./datasets/Aleatórios/a100000.txt;['I']
3;1.4201;./datasets/Aleatórios/a100000.txt;['I']
4;1.4173;./datasets/Aleatórios/a100000.txt;['I']
5;1.4269;./datasets/Aleatórios/a100000.txt;['I']
0;0.1700;./datasets/Aleatórios/a100000.txt;['B', '10']
1;0.1750;./datasets/Aleatórios/a100000.txt;['B', '10']
2;0.1731;./datasets/Aleatórios/a100000.txt;['B', '10']
3;0.1748;./datasets/Aleatórios/a100000.txt;['B', '10']
4;0.2284;./datasets/Aleatórios/a100000.txt;['B', '10']
5;0.1748;./datasets/Aleatórios/a100000.txt;['B', '10']
0;0.0374;./datasets/Aleatórios/a100000.txt;['B', '100']
1;0.0340;./datasets/Aleatórios/a100000.txt;['B', '100']
2;0.0336;./datasets/Aleatórios/a100000.txt;['B', '100']
3;0.0317;./datasets/Aleatórios/a100000.txt;['B', '100']
4;0.0333;./datasets/Aleatórios/a100000.txt;['B', '100']
5;0.0392;./datasets/Aleatórios/a100000.txt;['B', '100']
0;0.0222;./datasets/Aleatórios/a100000.txt;['B', '1000']
1;0.0207;./datasets/Aleatórios/a100000.txt;['B', '1000']
2;0.0209;./datasets/Aleatórios/a100000.txt;['B', '1000']
3;0.0299;./datasets/Aleatórios/a100000.txt;['B', '1000']
4;0.0233;./datasets/Aleatórios/a100000.txt;['B', '1000']
5;0.0256;./datasets/Aleatórios/a100000.txt;['B', '1000']
0;5.6954;./datasets/Aleatórios/a200000.txt;['I']
0;0.0040;./datasets/Aleatórios/a100.txt;['I']
1;0.0031;./datasets/Aleatórios/a100.txt;['I']
2;0.0049;./datasets/Aleatórios/a100.txt;['I']
3;0.0035;./datasets/Aleatórios/a100.txt;['I']
4;0.0031;./datasets/Aleatórios/a100.txt;['I']
5;0.0030;./datasets/Aleatórios/a100.txt;['I']
0;0.0030;./datasets/Aleatórios/a100.txt;['B', '10']
1;0.0027;./datasets/Aleatórios/a100.txt;['B', '10']
2;0.0027;./datasets/Aleatórios/a100.txt;['B', '10']
3;0.0033;./datasets/Aleatórios/a100.txt;['B', '10']
4;0.0030;./datasets/Aleatórios/a100.txt;['B', '10']
5;0.0026;./datasets/Aleatórios/a100.txt;['B', '10']
0;0.0027;./datasets/Aleatórios/a100.txt;['B', '100']
1;0.0028;./datasets/Aleatórios/a100.txt;['B', '100']
2;0.0023;./datasets/Aleatórios/a100.txt;['B', '100']
3;0.0034;./datasets/Aleatórios/a100.txt;['B', '100']
4;0.0029;./datasets/Aleatórios/a100.txt;['B', '100']
5;0.0030;./datasets/Aleatórios/a100.txt;['B', '100']
0;0.0026;./datasets/Aleatórios/a100.txt;['B', '1000']
1;0.0029;./datasets/Aleatórios/a100.txt;['B', '1000']
2;0.0024;./datasets/Aleatórios/a100.txt;['B', '1000']
3;0.0036;./datasets/Aleatórios/a100.txt;['B', '1000']
4;0.0037;./datasets/Aleatórios/a100.txt;['B', '1000']
5;0.0028;./datasets/Aleatórios/a100.txt;['B', '1000']
0;0.0024;./datasets/Aleatórios/a200.txt;['I']
1;0.0033;./datasets/Aleatórios/a200.txt;['I']
2;0.0025;./datasets/Aleatórios/a200.txt;['I']
3;0.0032;./datasets/Aleatórios/a200.txt;['I']
4;0.0030;./datasets/Aleatórios/a200.txt;['I']
5;0.0022;./datasets/Aleatórios/a200.txt;['I']
0;0.0022;./datasets/Aleatórios/a200.txt;['B', '10']
1;0.0042;./datasets/Aleatórios/a200.txt;['B', '10']
2;0.0023;./datasets/Aleatórios/a200.txt;['B', '10']
3;0.0022;./datasets/Aleatórios/a200.txt;['B', '10']
4;0.0025;./datasets/Aleatórios/a200.txt;['B', '10']
5;0.0043;./datasets/Aleatórios/a200.txt;['B', '10']
0;0.0022;./datasets/Aleatórios/a200.txt;['B', '100']
1;0.0023;./datasets/Aleatórios/a200.txt;['B', '100']
2;0.0043;./datasets/Aleatórios/a200.txt;['B', '100']
3;0.0024;./datasets/Aleatórios/a200.txt;['B', '100']
4;0.0025;./datasets/Aleatórios/a200.txt;['B', '100']
5;0.0023;./datasets/Aleatórios/a200.txt;['B', '100']
0;0.0044;./datasets/Aleatórios/a200.txt;['B', '1000']
1;0.0024;./datasets/Aleatórios/a200.txt;['B', '1000']
2;0.0046;./datasets/Aleatórios/a200.txt;['B', '1000']
3;0.0024;./datasets/Aleatórios/a200.txt;['B', '1000']
4;0.0044;./datasets/Aleatórios/a200.txt;['B', '1000']
5;0.0023;./datasets/Aleatórios/a200.txt;['B', '1000']
0;0.0024;./datasets/Aleatórios/a500.txt;['I']
1;0.0022;./datasets/Aleatórios/a500.txt;['I']
2;0.0052;./datasets/Aleatórios/a500.txt;['I']
3;0.0026;./datasets/Aleatórios/a500.txt;['I']
4;0.0029;./datasets/Aleatórios/a500.txt;['I']
5;0.0054;./datasets/Aleatórios/a500.txt;['I']
0;0.0027;./datasets/Aleatórios/a500.txt;['B', '10']
1;0.0036;./datasets/Aleatórios/a500.txt;['B', '10']
2;0.0030;./datasets/Aleatórios/a500.txt;['B', '10']
3;0.0049;./datasets/Aleatórios/a500.txt;['B', '10']
4;0.0047;./datasets/Aleatórios/a500.txt;['B', '10']
5;0.0054;./datasets/Aleatórios/a500.txt;['B', '10']
0;0.0030;./datasets/Aleatórios/a500.txt;['B', '100']
1;0.0057;./datasets/Aleatórios/a500.txt;['B', '100']
2;0.0058;./datasets/Aleatórios/a500.txt;['B', '100']
3;0.0055;./datasets/Aleatórios/a500.txt;['B', '100']
4;0.0051;./datasets/Aleatórios/a500.txt;['B', '100']
5;0.0050;./datasets/Aleatórios/a500.txt;['B', '100']
0;0.0052;./datasets/Aleatórios/a500.txt;['B', '1000']
1;0.0054;./datasets/Aleatórios/a500.txt;['B', '1000']
2;0.0051;./datasets/Aleatórios/a500.txt;['B', '1000']
3;0.0052;./datasets/Aleatórios/a500.txt;['B', '1000']
4;0.0050;./datasets/Aleatórios/a500.txt;['B', '1000']
5;0.0051;./datasets/Aleatórios/a500.txt;['B', '1000']
0;0.0058;./datasets/Aleatórios/a1000.txt;['I']
1;0.0058;./datasets/Aleatórios/a1000.txt;['I']
2;0.0062;./datasets/Aleatórios/a1000.txt;['I']
3;0.0066;./datasets/Aleatórios/a1000.txt;['I']
4;0.0060;./datasets/Aleatórios/a1000.txt;['I']
5;0.0056;./datasets/Aleatórios/a1000.txt;['I']
0;0.0053;./datasets/Aleatórios/a1000.txt;['B', '10']
1;0.0053;./datasets/Aleatórios/a1000.txt;['B', '10']
2;0.0052;./datasets/Aleatórios/a1000.txt;['B', '10']
3;0.0054;./datasets/Aleatórios/a1000.txt;['B', '10']
4;0.0053;./datasets/Aleatórios/a1000.txt;['B', '10']
5;0.0052;./datasets/Aleatórios/a1000.txt;['B', '10']
0;0.0053;./datasets/Aleatórios/a1000.txt;['B', '100']
1;0.0053;./datasets/Aleatórios/a1000.txt;['B', '100']
2;0.0054;./datasets/Aleatórios/a1000.txt;['B', '100']
3;0.0054;./datasets/Aleatórios/a1000.txt;['B', '100']
4;0.0053;./datasets/Aleatórios/a1000.txt;['B', '100']
5;0.0053;./datasets/Aleatórios/a1000.txt;['B', '100']
0;0.0054;./datasets/Aleatórios/a1000.txt;['B', '1000']
1;0.0056;./datasets/Aleatórios/a1000.txt;['B', '1000']
2;0.0056;./datasets/Aleatórios/a1000.txt;['B', '1000']
3;0.0058;./datasets/Aleatórios/a1000.txt;['B', '1000']
4;0.0054;./datasets/Aleatórios/a1000.txt;['B', '1000']
5;0.0055;./datasets/Aleatórios/a1000.txt;['B', '1000']
0;0.0072;./datasets/Aleatórios/a2000.txt;['I']
1;0.0076;./datasets/Aleatórios/a2000.txt;['I']
2;0.0088;./datasets/Aleatórios/a2000.txt;['I']
3;0.0086;./datasets/Aleatórios/a2000.txt;['I']
4;0.0103;./datasets/Aleatórios/a2000.txt;['I']
5;0.0075;./datasets/Aleatórios/a2000.txt;['I']
0;0.0060;./datasets/Aleatórios/a2000.txt;['B', '10']
1;0.0059;./datasets/Aleatórios/a2000.txt;['B', '10']
2;0.0058;./datasets/Aleatórios/a2000.txt;['B', '10']
3;0.0057;./datasets/Aleatórios/a2000.txt;['B', '10']
4;0.0059;./datasets/Aleatórios/a2000.txt;['B', '10']
5;0.0064;./datasets/Aleatórios/a2000.txt;['B', '10']
0;0.0064;./datasets/Aleatórios/a2000.txt;['B', '100']
1;0.0057;./datasets/Aleatórios/a2000.txt;['B', '100']
2;0.0058;./datasets/Aleatórios/a2000.txt;['B', '100']
3;0.0057;./datasets/Aleatórios/a2000.txt;['B', '100']
4;0.0060;./datasets/Aleatórios/a2000.txt;['B', '100']
5;0.0057;./datasets/Aleatórios/a2000.txt;['B', '100']
0;0.0059;./datasets/Aleatórios/a2000.txt;['B', '1000']
1;0.0058;./datasets/Aleatórios/a2000.txt;['B', '1000']
2;0.0061;./datasets/Aleatórios/a2000.txt;['B', '1000']
3;0.0059;./datasets/Aleatórios/a2000.txt;['B', '1000']
4;0.0058;./datasets/Aleatórios/a2000.txt;['B', '1000']
5;0.0058;./datasets/Aleatórios/a2000.txt;['B', '1000']
0;0.0141;./datasets/Aleatórios/a5000.txt;['I']
1;0.0065;./datasets/Aleatórios/a5000.txt;['I']
2;0.0076;./datasets/Aleatórios/a5000.txt;['I']
3;0.0161;./datasets/Aleatórios/a5000.txt;['I']
4;0.0144;./datasets/Aleatórios/a5000.txt;['I']
5;0.0157;./datasets/Aleatórios/a5000.txt;['I']
0;0.0075;./datasets/Aleatórios/a5000.txt;['B', '10']
1;0.0082;./datasets/Aleatórios/a5000.txt;['B', '10']
2;0.0076;./datasets/Aleatórios/a5000.txt;['B', '10']
3;0.0076;./datasets/Aleatórios/a5000.txt;['B', '10']
4;0.0077;./datasets/Aleatórios/a5000.txt;['B', '10']
5;0.0080;./datasets/Aleatórios/a5000.txt;['B', '10']
0;0.0080;./datasets/Aleatórios/a5000.txt;['B', '100']
1;0.0070;./datasets/Aleatórios/a5000.txt;['B', '100']
2;0.0081;./datasets/Aleatórios/a5000.txt;['B', '100']
3;0.0041;./datasets/Aleatórios/a5000.txt;['B', '100']
4;0.0074;./datasets/Aleatórios/a5000.txt;['B', '100']
5;0.0074;./datasets/Aleatórios/a5000.txt;['B', '100']
0;0.0080;./datasets/Aleatórios/a5000.txt;['B', '1000']
1;0.0082;./datasets/Aleatórios/a5000.txt;['B', '1000']
2;0.0080;./datasets/Aleatórios/a5000.txt;['B', '1000']
3;0.0073;./datasets/Aleatórios/a5000.txt;['B', '1000']
4;0.0077;./datasets/Aleatórios/a5000.txt;['B', '1000']
5;0.0075;./datasets/Aleatórios/a5000.txt;['B', '1000']
0;0.0201;./datasets/Aleatórios/a7500.txt;['I']
1;0.0157;./datasets/Aleatórios/a7500.txt;['I']
2;0.0230;./datasets/Aleatórios/a7500.txt;['I']
3;0.0255;./datasets/Aleatórios/a7500.txt;['I']
4;0.0210;./datasets/Aleatórios/a7500.txt;['I']
5;0.0222;./datasets/Aleatórios/a7500.txt;['I']
0;0.0093;./datasets/Aleatórios/a7500.txt;['B', '10']
1;0.0054;./datasets/Aleatórios/a7500.txt;['B', '10']
2;0.0104;./datasets/Aleatórios/a7500.txt;['B', '10']
3;0.0054;./datasets/Aleatórios/a7500.txt;['B', '10']
4;0.0092;./datasets/Aleatórios/a7500.txt;['B', '10']
5;0.0061;./datasets/Aleatórios/a7500.txt;['B', '10']
0;0.0078;./datasets/Aleatórios/a7500.txt;['B', '100']
1;0.0047;./datasets/Aleatórios/a7500.txt;['B', '100']
2;0.0091;./datasets/Aleatórios/a7500.txt;['B', '100']
3;0.0094;./datasets/Aleatórios/a7500.txt;['B', '100']
4;0.0094;./datasets/Aleatórios/a7500.txt;['B', '100']
5;0.0097;./datasets/Aleatórios/a7500.txt;['B', '100']
0;0.0056;./datasets/Aleatórios/a7500.txt;['B', '1000']
1;0.0048;./datasets/Aleatórios/a7500.txt;['B', '1000']
2;0.0048;./datasets/Aleatórios/a7500.txt;['B', '1000']
3;0.0040;./datasets/Aleatórios/a7500.txt;['B', '1000']
4;0.0052;./datasets/Aleatórios/a7500.txt;['B', '1000']
5;0.0045;./datasets/Aleatórios/a7500.txt;['B', '1000']
0;0.0304;./datasets/Aleatórios/a10000.txt;['I']
1;0.0227;./datasets/Aleatórios/a10000.txt;['I']
2;0.0181;./datasets/Aleatórios/a10000.txt;['I']
3;0.0178;./datasets/Aleatórios/a10000.txt;['I']
4;0.0175;./datasets/Aleatórios/a10000.txt;['I']
5;0.0174;./datasets/Aleatórios/a10000.txt;['I']
0;0.0051;./datasets/Aleatórios/a10000.txt;['B', '10']
1;0.0050;./datasets/Aleatórios/a10000.txt;['B', '10']
2;0.0051;./datasets/Aleatórios/a10000.txt;['B', '10']
3;0.0051;./datasets/Aleatórios/a10000.txt;['B', '10']
4;0.0051;./datasets/Aleatórios/a10000.txt;['B', '10']
5;0.0122;./datasets/Aleatórios/a10000.txt;['B', '10']
0;0.0049;./datasets/Aleatórios/a10000.txt;['B', '100']
1;0.0050;./datasets/Aleatórios/a10000.txt;['B', '100']
2;0.0038;./datasets/Aleatórios/a10000.txt;['B', '100']
3;0.0038;./datasets/Aleatórios/a10000.txt;['B', '100']
4;0.0039;./datasets/Aleatórios/a10000.txt;['B', '100']
5;0.0038;./datasets/Aleatórios/a10000.txt;['B', '100']
0;0.0040;./datasets/Aleatórios/a10000.txt;['B', '1000']
1;0.0039;./datasets/Aleatórios/a10000.txt;['B', '1000']
2;0.0042;./datasets/Aleatórios/a10000.txt;['B', '1000']
3;0.0039;./datasets/Aleatórios/a10000.txt;['B', '1000']
4;0.0041;./datasets/Aleatórios/a10000.txt;['B', '1000']
5;0.0040;./datasets/Aleatórios/a10000.txt;['B', '1000']
0;0.0398;./datasets/Aleatórios/a15000.txt;['I']
1;0.0520;./datasets/Aleatórios/a15000.txt;['I']
2;0.0449;./datasets/Aleatórios/a15000.txt;['I']
3;0.0358;./datasets/Aleatórios/a15000.txt;['I']
4;0.0356;./datasets/Aleatórios/a15000.txt;['I']
5;0.0356;./datasets/Aleatórios/a15000.txt;['I']
0;0.0076;./datasets/Aleatórios/a15000.txt;['B', '10']
1;0.0196;./datasets/Aleatórios/a15000.txt;['B', '10']
2;0.0189;./datasets/Aleatórios/a15000.txt;['B', '10']
3;0.0077;./datasets/Aleatórios/a15000.txt;['B', '10']
4;0.0076;./datasets/Aleatórios/a15000.txt;['B', '10']
5;0.0198;./datasets/Aleatórios/a15000.txt;['B', '10']
0;0.0115;./datasets/Aleatórios/a15000.txt;['B', '100']
1;0.0064;./datasets/Aleatórios/a15000.txt;['B', '100']
2;0.0135;./datasets/Aleatórios/a15000.txt;['B', '100']
3;0.0116;./datasets/Aleatórios/a15000.txt;['B', '100']
4;0.0122;./datasets/Aleatórios/a15000.txt;['B', '100']
5;0.0117;./datasets/Aleatórios/a15000.txt;['B', '100']
0;0.0132;./datasets/Aleatórios/a15000.txt;['B', '1000']
1;0.0122;./datasets/Aleatórios/a15000.txt;['B', '1000']
2;0.0131;./datasets/Aleatórios/a15000.txt;['B', '1000']
3;0.0120;./datasets/Aleatórios/a15000.txt;['B', '1000']
4;0.0120;./datasets/Aleatórios/a15000.txt;['B', '1000']
5;0.0121;./datasets/Aleatórios/a15000.txt;['B', '1000']
0;0.1441;./datasets/Aleatórios/a30000.txt;['I']
1;0.1310;./datasets/Aleatórios/a30000.txt;['I']
2;0.1313;./datasets/Aleatórios/a30000.txt;['I']
3;0.1343;./datasets/Aleatórios/a30000.txt;['I']
4;0.1322;./datasets/Aleatórios/a30000.txt;['I']
5;0.1320;./datasets/Aleatórios/a30000.txt;['I']
0;0.0251;./datasets/Aleatórios/a30000.txt;['B', '10']
1;0.0310;./datasets/Aleatórios/a30000.txt;['B', '10']
2;0.0330;./datasets/Aleatórios/a30000.txt;['B', '10']
3;0.0297;./datasets/Aleatórios/a30000.txt;['B', '10']
4;0.0320;./datasets/Aleatórios/a30000.txt;['B', '10']
5;0.0324;./datasets/Aleatórios/a30000.txt;['B', '10']
0;0.0192;./datasets/Aleatórios/a30000.txt;['B', '100']
1;0.0080;./datasets/Aleatórios/a30000.txt;['B', '100']
2;0.0086;./datasets/Aleatórios/a30000.txt;['B', '100']
3;0.0092;./datasets/Aleatórios/a30000.txt;['B', '100']
4;0.0169;./datasets/Aleatórios/a30000.txt;['B', '100']
5;0.0161;./datasets/Aleatórios/a30000.txt;['B', '100']
0;0.0072;./datasets/Aleatórios/a30000.txt;['B', '1000']
1;0.0076;./datasets/Aleatórios/a30000.txt;['B', '1000']
2;0.0166;./datasets/Aleatórios/a30000.txt;['B', '1000']
3;0.0096;./datasets/Aleatórios/a30000.txt;['B', '1000']
4;0.0148;./datasets/Aleatórios/a30000.txt;['B', '1000']
5;0.0085;./datasets/Aleatórios/a30000.txt;['B', '1000']
0;0.3668;./datasets/Aleatórios/a50000.txt;['I']
1;0.3809;./datasets/Aleatórios/a50000.txt;['I']
2;0.3636;./datasets/Aleatórios/a50000.txt;['I']
3;0.3688;./datasets/Aleatórios/a50000.txt;['I']
4;0.3705;./datasets/Aleatórios/a50000.txt;['I']
5;0.3620;./datasets/Aleatórios/a50000.txt;['I']
0;0.0494;./datasets/Aleatórios/a50000.txt;['B', '10']
1;0.0499;./datasets/Aleatórios/a50000.txt;['B', '10']
2;0.0596;./datasets/Aleatórios/a50000.txt;['B', '10']
3;0.0449;./datasets/Aleatórios/a50000.txt;['B', '10']
4;0.0465;./datasets/Aleatórios/a50000.txt;['B', '10']
5;0.0450;./datasets/Aleatórios/a50000.txt;['B', '10']
0;0.0142;./datasets/Aleatórios/a50000.txt;['B', '100']
1;0.0141;./datasets/Aleatórios/a50000.txt;['B', '100']
2;0.0140;./datasets/Aleatórios/a50000.txt;['B', '100']
3;0.0156;./datasets/Aleatórios/a50000.txt;['B', '100']
4;0.0244;./datasets/Aleatórios/a50000.txt;['B', '100']
5;0.0223;./datasets/Aleatórios/a50000.txt;['B', '100']
0;0.0217;./datasets/Aleatórios/a50000.txt;['B', '1000']
1;0.0204;./datasets/Aleatórios/a50000.txt;['B', '1000']
2;0.0153;./datasets/Aleatórios/a50000.txt;['B', '1000']
3;0.0234;./datasets/Aleatórios/a50000.txt;['B', '1000']
4;0.0208;./datasets/Aleatórios/a50000.txt;['B', '1000']
5;0.0103;./datasets/Aleatórios/a50000.txt;['B', '1000']
0;0.8110;./datasets/Aleatórios/a75000.txt;['I']
1;0.8193;./datasets/Aleatórios/a75000.txt;['I']
2;0.8087;./datasets/Aleatórios/a75000.txt;['I']
3;0.7938;./datasets/Aleatórios/a75000.txt;['I']
4;0.8017;./datasets/Aleatórios/a75000.txt;['I']
5;0.8643;./datasets/Aleatórios/a75000.txt;['I']
0;0.1083;./datasets/Aleatórios/a75000.txt;['B', '10']
1;0.1171;./datasets/Aleatórios/a75000.txt;['B', '10']
2;0.1082;./datasets/Aleatórios/a75000.txt;['B', '10']
3;0.1069;./datasets/Aleatórios/a75000.txt;['B', '10']
4;0.1056;./datasets/Aleatórios/a75000.txt;['B', '10']
5;0.1010;./datasets/Aleatórios/a75000.txt;['B', '10']
0;0.0296;./datasets/Aleatórios/a75000.txt;['B', '100']
1;0.0366;./datasets/Aleatórios/a75000.txt;['B', '100']
2;0.0281;./datasets/Aleatórios/a75000.txt;['B', '100']
3;0.0277;./datasets/Aleatórios/a75000.txt;['B', '100']
4;0.0287;./datasets/Aleatórios/a75000.txt;['B', '100']
5;0.0209;./datasets/Aleatórios/a75000.txt;['B', '100']
0;0.0259;./datasets/Aleatórios/a75000.txt;['B', '1000']
1;0.0144;./datasets/Aleatórios/a75000.txt;['B', '1000']
2;0.0144;./datasets/Aleatórios/a75000.txt;['B', '1000']
3;0.0145;./datasets/Aleatórios/a75000.txt;['B', '1000']
4;0.0151;./datasets/Aleatórios/a75000.txt;['B', '1000']
5;0.0144;./datasets/Aleatórios/a75000.txt;['B', '1000']
0;1.4046;./datasets/Aleatórios/a100000.txt;['I']
1;1.4141;./datasets/Aleatórios/a100000.txt;['I']
2;1.4114;./datasets/Aleatórios/a100000.txt;['I']
3;1.3942;./datasets/Aleatórios/a100000.txt;['I']
4;1.4056;./datasets/Aleatórios/a100000.txt;['I']
5;1.4083;./datasets/Aleatórios/a100000.txt;['I']
0;0.1560;./datasets/Aleatórios/a100000.txt;['B', '10']
1;0.1672;./datasets/Aleatórios/a100000.txt;['B', '10']
2;0.1560;./datasets/Aleatórios/a100000.txt;['B', '10']
3;0.1643;./datasets/Aleatórios/a100000.txt;['B', '10']
4;0.1682;./datasets/Aleatórios/a100000.txt;['B', '10']
5;0.1678;./datasets/Aleatórios/a100000.txt;['B', '10']
0;0.0350;./datasets/Aleatórios/a100000.txt;['B', '100']
1;0.0407;./datasets/Aleatórios/a100000.txt;['B', '100']
2;0.0307;./datasets/Aleatórios/a100000.txt;['B', '100']
3;0.0306;./datasets/Aleatórios/a100000.txt;['B', '100']
4;0.0408;./datasets/Aleatórios/a100000.txt;['B', '100']
5;0.0427;./datasets/Aleatórios/a100000.txt;['B', '100']
0;0.0217;./datasets/Aleatórios/a100000.txt;['B', '1000']
1;0.0189;./datasets/Aleatórios/a100000.txt;['B', '1000']
2;0.0319;./datasets/Aleatórios/a100000.txt;['B', '1000']
3;0.0311;./datasets/Aleatórios/a100000.txt;['B', '1000']
4;0.0189;./datasets/Aleatórios/a100000.txt;['B', '1000']
5;0.0188;./datasets/Aleatórios/a100000.txt;['B', '1000']
0;5.7297;./datasets/Aleatórios/a200000.txt;['I']
1;5.6666;./datasets/Aleatórios/a200000.txt;['I']
2;5.6235;./datasets/Aleatórios/a200000.txt;['I']
3;5.8078;./datasets/Aleatórios/a200000.txt;['I']
4;5.6211;./datasets/Aleatórios/a200000.txt;['I']
5;5.6523;./datasets/Aleatórios/a200000.txt;['I']
0;0.5837;./datasets/Aleatórios/a200000.txt;['B', '10']
1;0.5901;./datasets/Aleatórios/a200000.txt;['B', '10']
2;0.5842;./datasets/Aleatórios/a200000.txt;['B', '10']
3;0.5853;./datasets/Aleatórios/a200000.txt;['B', '10']
4;0.6361;./datasets/Aleatórios/a200000.txt;['B', '10']
5;0.6916;./datasets/Aleatórios/a200000.txt;['B', '10']
0;0.1003;./datasets/Aleatórios/a200000.txt;['B', '100']
1;0.1017;./datasets/Aleatórios/a200000.txt;['B', '100']
2;0.0995;./datasets/Aleatórios/a200000.txt;['B', '100']
3;0.1001;./datasets/Aleatórios/a200000.txt;['B', '100']
4;0.1000;./datasets/Aleatórios/a200000.txt;['B', '100']
5;0.0904;./datasets/Aleatórios/a200000.txt;['B', '100']
0;0.0401;./datasets/Aleatórios/a200000.txt;['B', '1000']
1;0.0395;./datasets/Aleatórios/a200000.txt;['B', '1000']
2;0.0366;./datasets/Aleatórios/a200000.txt;['B', '1000']
3;0.0472;./datasets/Aleatórios/a200000.txt;['B', '1000']
4;0.0476;./datasets/Aleatórios/a200000.txt;['B', '1000']
5;0.0487;./datasets/Aleatórios/a200000.txt;['B', '1000']
0;35.3052;./datasets/Aleatórios/a500000.txt;['I']
1;37.1104;./datasets/Aleatórios/a500000.txt;['I']
2;36.2088;./datasets/Aleatórios/a500000.txt;['I']
3;35.3519;./datasets/Aleatórios/a500000.txt;['I']
4;35.4954;./datasets/Aleatórios/a500000.txt;['I']
5;36.0850;./datasets/Aleatórios/a500000.txt;['I']
0;3.5849;./datasets/Aleatórios/a500000.txt;['B', '10']
1;3.6967;./datasets/Aleatórios/a500000.txt;['B', '10']
2;3.5991;./datasets/Aleatórios/a500000.txt;['B', '10']
3;3.7952;./datasets/Aleatórios/a500000.txt;['B', '10']
4;3.9310;./datasets/Aleatórios/a500000.txt;['B', '10']
5;3.8981;./datasets/Aleatórios/a500000.txt;['B', '10']
0;0.4385;./datasets/Aleatórios/a500000.txt;['B', '100']
1;0.4688;./datasets/Aleatórios/a500000.txt;['B', '100']
2;0.5021;./datasets/Aleatórios/a500000.txt;['B', '100']
3;0.4321;./datasets/Aleatórios/a500000.txt;['B', '100']
4;0.4689;./datasets/Aleatórios/a500000.txt;['B', '100']
5;0.5113;./datasets/Aleatórios/a500000.txt;['B', '100']
0;0.1281;./datasets/Aleatórios/a500000.txt;['B', '1000']
1;0.1271;./datasets/Aleatórios/a500000.txt;['B', '1000']
2;0.1105;./datasets/Aleatórios/a500000.txt;['B', '1000']
3;0.1281;./datasets/Aleatórios/a500000.txt;['B', '1000']
4;0.1260;./datasets/Aleatórios/a500000.txt;['B', '1000']
5;0.1168;./datasets/Aleatórios/a500000.txt;['B', '1000']
0;86.3691;./datasets/Aleatórios/a750000.txt;['I']
1;85.9799;./datasets/Aleatórios/a750000.txt;['I']
2;85.1928;./datasets/Aleatórios/a750000.txt;['I']
3;85.9357;./datasets/Aleatórios/a750000.txt;['I']
4;80.4235;./datasets/Aleatórios/a750000.txt;['I']
5;79.8824;./datasets/Aleatórios/a750000.txt;['I']
0;8.2132;./datasets/Aleatórios/a750000.txt;['B', '10']
1;8.1368;./datasets/Aleatórios/a750000.txt;['B', '10']
2;8.2217;./datasets/Aleatórios/a750000.txt;['B', '10']
3;8.0132;./datasets/Aleatórios/a750000.txt;['B', '10']
4;8.1823;./datasets/Aleatórios/a750000.txt;['B', '10']
5;8.0216;./datasets/Aleatórios/a750000.txt;['B', '10']
0;0.9213;./datasets/Aleatórios/a750000.txt;['B', '100']
1;0.8981;./datasets/Aleatórios/a750000.txt;['B', '100']
2;1.0033;./datasets/Aleatórios/a750000.txt;['B', '100']
3;0.9476;./datasets/Aleatórios/a750000.txt;['B', '100']
4;0.9117;./datasets/Aleatórios/a750000.txt;['B', '100']
5;0.9195;./datasets/Aleatórios/a750000.txt;['B', '100']
0;0.1997;./datasets/Aleatórios/a750000.txt;['B', '1000']
1;0.2015;./datasets/Aleatórios/a750000.txt;['B', '1000']
2;0.2010;./datasets/Aleatórios/a750000.txt;['B', '1000']
3;0.1941;./datasets/Aleatórios/a750000.txt;['B', '1000']
4;0.2076;./datasets/Aleatórios/a750000.txt;['B', '1000']
5;0.2014;./datasets/Aleatórios/a750000.txt;['B', '1000']
0;143.3452;./datasets/Aleatórios/a1000000.txt;['I']
1;143.6361;./datasets/Aleatórios/a1000000.txt;['I']
2;152.5842;./datasets/Aleatórios/a1000000.txt;['I']
